{
	"info": {
		"_postman_id": "797624ea-1c60-4520-8675-de09b641ec52",
		"name": "jwt",
		"schema": "https://schema.getpostman.com/json/collection/v2.1.0/collection.json",
		"_exporter_id": "2422707"
	},
	"item": [
		{
			"name": "admin register",
			"request": {
				"auth": {
					"type": "noauth"
				},
				"method": "POST",
				"header": [],
				"body": {
					"mode": "raw",
					"raw": "{\r\n  \"firstName\": \"Rama\",\r\n  \"lastName\": \"Patil\",\r\n  \"email\": \"rama@gmail.com\",\r\n  \"password\": \"1234\",\r\n  \"roles\": [\r\n    \"ROLE_USER\",\"ROLE_ADMIN\"\r\n  ]\r\n}",
					"options": {
						"raw": {
							"language": "json"
						}
					}
				},
				"url": {
					"raw": "http://localhost:8080/auth/signup",
					"protocol": "http",
					"host": [
						"localhost"
					],
					"port": "8080",
					"path": [
						"auth",
						"signup"
					]
				}
			},
			"response": []
		},
		{
			"name": "customer register",
			"request": {
				"auth": {
					"type": "noauth"
				},
				"method": "POST",
				"header": [],
				"body": {
					"mode": "raw",
					"raw": "{\r\n  \"firstName\": \"Kiran\",\r\n  \"lastName\": \"Singh\",\r\n  \"email\": \"kiran@gmail.com\",\r\n  \"password\": \"2234\",\r\n  \"roles\": [\r\n    \"ROLE_CUSTOMER\"\r\n  ]\r\n}",
					"options": {
						"raw": {
							"language": "json"
						}
					}
				},
				"url": {
					"raw": "http://localhost:8080/auth/signup",
					"protocol": "http",
					"host": [
						"localhost"
					],
					"port": "8080",
					"path": [
						"auth",
						"signup"
					]
				}
			},
			"response": []
		},
		{
			"name": "user register",
			"request": {
				"auth": {
					"type": "noauth"
				},
				"method": "POST",
				"header": [],
				"body": {
					"mode": "raw",
					"raw": "{\r\n  \"firstName\": \"Anish\",\r\n  \"lastName\": \"Rao\",\r\n  \"email\": \"anish@gmail.com\",\r\n  \"password\": \"3234\",\r\n  \"roles\": [\r\n    \"ROLE_USER\"\r\n  ]\r\n}",
					"options": {
						"raw": {
							"language": "json"
						}
					}
				},
				"url": {
					"raw": "http://localhost:8080/auth/signup",
					"protocol": "http",
					"host": [
						"localhost"
					],
					"port": "8080",
					"path": [
						"auth",
						"signup"
					]
				}
			},
			"response": []
		},
		{
			"name": "unprotected resource permit all",
			"request": {
				"auth": {
					"type": "noauth"
				},
				"method": "GET",
				"header": [],
				"url": {
					"raw": "http://localhost:8080/products/view",
					"protocol": "http",
					"host": [
						"localhost"
					],
					"port": "8080",
					"path": [
						"products",
						"view"
					]
				}
			},
			"response": []
		},
		{
			"name": "Add Product under admin role",
			"request": {
				"auth": {
					"type": "noauth"
				},
				"method": "GET",
				"header": [],
				"url": {
					"raw": "http://localhost:8080/products/add",
					"protocol": "http",
					"host": [
						"localhost"
					],
					"port": "8080",
					"path": [
						"products",
						"add"
					]
				}
			},
			"response": []
		},
		{
			"name": "Customer login",
			"request": {
				"method": "POST",
				"header": [],
				"body": {
					"mode": "raw",
					"raw": "{\r\n    \"email\": \"kiran@gmail.com\",\r\n    \"password\": \"2234\"\r\n}",
					"options": {
						"raw": {
							"language": "json"
						}
					}
				},
				"url": {
					"raw": "http://localhost:8080/auth/signin",
					"protocol": "http",
					"host": [
						"localhost"
					],
					"port": "8080",
					"path": [
						"auth",
						"signin"
					]
				}
			},
			"response": []
		},
		{
			"name": "Purchase Products under customer role",
			"request": {
				"auth": {
					"type": "bearer",
					"bearer": [
						{
							"key": "token",
							"value": "eyJhbGciOiJIUzUxMiJ9.eyJzdWIiOiJraXJhbkBnbWFpbC5jb20iLCJpYXQiOjE2NTg2NjQxOTQsImV4cCI6MTY1ODc1MDU5NH0.wJYUdQ7NkrnEMleC0jelEULGwgQe7uWIPp1TG7pADHwcJldPOOX_AvMUz0vuS0wN5pK-hiMNnmlLROBBTW-6Dw",
							"type": "string"
						}
					]
				},
				"method": "GET",
				"header": [],
				"url": {
					"raw": "http://localhost:8080/products/purchase",
					"protocol": "http",
					"host": [
						"localhost"
					],
					"port": "8080",
					"path": [
						"products",
						"purchase"
					]
				}
			},
			"response": []
		}
	]
}